<resources>
    <string name="app_name">Workout Log</string>
    <string name="weight_app">Weight Log</string>
    <string name="action_settings">Settings</string>
    <string name="title_activity_add_workout">Add Workout</string>
    <string name="title_activity_workout_details">Workout Details</string>
    <string name="title_activity_weight_list">Weight List</string>
    <string name="title_activity_weight_details">Weighin Details</string>
    <string name="title_activity_add_weight">Add Weight</string>
    <string name="title_activity_main">MainActivity</string>
    <string name="title_activity_workout_list_activiy">Workout List</string>
    <string name="dumbell_scales">Dumbell Scales</string>
    <string name="add_workout">Add Workout</string>
    <string name="workout_schedule">~ Workout Schedule ~</string>
    <string name="delete_workout">Delete</string>
    <string name="edit_workout">Edit</string>
    <string name="weight">Weight:</string>
    <string name="reps">Reps:</string>
    <string name="sets">Sets:</string>
    <string name="workout">Workout:</string>
    <string name="workout_details">~ Workout Details ~</string>
    <string name="daily_weigh_in">~Daily Weigh In~</string>
    <string name="add_weigh_in">Add Weigh In</string>
    <string name="weigh_in_details">~ Weigh in Details ~</string>
    <string name="date">Date:</string>
    <string name="bmi">BMI:</string>
    <string name="blood_pressure">Blood Pressure:</string>
    <string name="edit_weigh_in">Edit Weigh In</string>
    <string name="delete_weigh_in">Delete Weight</string>
    <string name="workouts">Workouts</string>
    <string name="weigh_ins">Weigh Ins</string>
    <string name="cancel">Cancel</string>
    <string name="save">Save</string>
    <string name="diastolic">Diastolic:</string>
    <string name="systolic">Systolic:</string>
    <string name="graph_it">Graph it!</string>

</resources>
